userId,countryCode_x,installedAt,osVersion,device,limitAdTracking,adjustId,adGroupName,trackerName,channel,campaign,creative,os_name,installedDate,countryName_installs,amount,adUnitFormat,adUnitName,advertisingId,countryCode_y,countryName_revenue,createdAt,createdDate,deviceId,eventId,network,packageName,platform,source,eventCount,_merge
47123348Ld7f16c70403f8e1affdb1332931e,ca,2024-01-01 17:23:46+00:00,9,galaxya50,False,EJRY87002175420325,adGroupName 1,trackerName 1,channel 1,campaign 1,creative 1,android,2024-01-01,Canada,0.028306409999999997,adUnitFormat 1,adUnitName 1,PJDF37672139806354,nl,Netherlands,"[Timestamp('2024-01-01 09:19:52.900940+0000', tz='UTC'), Timestamp('2024-01-01 09:06:11.618966+0000', tz='UTC'), Timestamp('2024-01-01 14:48:32.799666+0000', tz='UTC')]",2024-01-01,OCNZ40740081001824,"['GGXB32293442357576', 'ZFAS45155583461209', 'VHHS60915188517622']","['network 1', 'network 9']",packageName 1,android,source 1,3,both
98223348Lfc56424f4ecc8a6a51df078d3b50,ca,2024-01-01 03:08:35+00:00,9,galaxys22ultra5g,False,OQJA99166154683474,adGroupName 55,trackerName 58,channel 9,campaign 22,creative 37,android,2024-01-01,Canada,0.18251040000000002,adUnitFormat 1,adUnitName 1,BTFB55314981998668,ca,Canada,"[Timestamp('2024-01-01 03:27:11.653079+0000', tz='UTC'), Timestamp('2024-01-01 03:09:21.363023+0000', tz='UTC')]",2024-01-01,MUKJ31662517026062,"['UFOA50316346323353', 'GSFJ54230156274976']","['network 1', 'network 9']",packageName 1,android,source 1,2,both
50653348Le377569f4c0b97c211d3c6a185cc,gb,2024-01-01 10:51:47+00:00,9,galaxya8(2018),False,XXOH42898890122016,adGroupName 54,trackerName 57,channel 9,campaign 21,creative 27,android,2024-01-01,United Kingdom,,,,,,,,,,,,,,,0,left_only
2e803348Lb3e5dfad4133943aa10b8349a704,de,2024-01-01 12:56:25+00:00,9,galaxys8,False,KLAB91443783264247,adGroupName 54,trackerName 56,channel 9,campaign 20,creative 36,android,2024-01-01,Germany,0.000178575,adUnitFormat 2,adUnitName 3,TCYX74674601195454,de,Germany,"[Timestamp('2024-01-01 13:03:24.676989+0000', tz='UTC')]",2024-01-01,PXMM53226701652285,PUFK31153656818899,network 2,packageName 2,android,source 1,1,both
57893348L8954cfdf4b389d80a5d804b00fe0,de,2024-01-01 17:34:59+00:00,9,galaxynote8,False,YDZY92754243116752,adGroupName 53,trackerName 55,channel 9,campaign 20,creative 35,android,2024-01-01,Germany,0.000253906,adUnitFormat 2,adUnitName 10,LLPE93394264688921,de,Germany,"[Timestamp('2024-01-01 20:54:31.609564+0000', tz='UTC')]",2024-01-01,YSPB22903207893694,VIJE54966397157283,network 5,packageName 3,android,source 1,1,both
a37b3348L6a843f7d4c53a21f7893610f1c41,pt,2024-01-01 08:58:26+00:00,9,galaxys8plus,False,WLIY00808272610892,adGroupName 48,trackerName 50,channel 9,campaign 19,creative 30,android,2024-01-01,Portugal,,,,,,,,,,,,,,,0,left_only
1ea03348Lee1e4f064da28825ad6390b72725,gb,2024-01-01 13:48:57+00:00,9,galaxya20e,True,QSET61422121345190,adGroupName 52,trackerName 54,channel 9,campaign 21,creative 34,android,2024-01-01,United Kingdom,,,,,,,,,,,,,,,0,left_only
818f3348L91abbdaf4e9b8c4a2b36491ff360,gb,2024-01-01 04:20:31+00:00,9,8,False,CUPG96622933841895,adGroupName 51,trackerName 53,channel 9,campaign 20,creative 33,android,2024-01-01,United Kingdom,,,,,,,,,,,,,,,0,left_only
cc0e3348L3ccb0c2e41318791d09edf5b59b2,es,2024-01-01 10:15:50+00:00,9,k41s,False,PXHP18193167788918,adGroupName 50,trackerName 52,channel 9,campaign 20,creative 32,android,2024-01-01,Spain,,,,,,,,,,,,,,,0,left_only
593b3348L430b5a0f45249cd316c0b59d5a32,be,2024-01-01 18:58:32+00:00,9,p30lite,False,LFWA93602655720534,adGroupName 49,trackerName 51,channel 9,campaign 19,creative 31,android,2024-01-01,Belgium,,,,,,,,,,,,,,,0,left_only
e4c73348L83dc14c34976bb7b9d929e2a6fe4,us,2024-01-01 06:45:53+00:00,9,100005208,False,ZAPD60861269324954,adGroupName 32,trackerName 33,channel 7,campaign 14,creative 18,android,2024-01-01,United States,,,,,,,,,,,,,,,0,left_only
c4043348L2405df01468cb9f38af7b6f9ef4a,us,2024-01-01 13:42:05+00:00,9,galaxys8,False,LVJP57384540987196,adGroupName 57,trackerName 60,channel 10,campaign 23,creative 39,android,2024-01-01,United States,0.05,adUnitFormat 1,adUnitName 1,APOL96633497357579,us,United States,"[Timestamp('2024-01-01 23:45:54.121382+0000', tz='UTC')]",2024-01-01,OUTV58280224895974,HQCM11628479581636,network 9,packageName 1,android,source 1,1,both
05f53348Lab4a71704c5c9a7799ebc09dcf4a,de,2024-01-01 14:04:07+00:00,9,galaxys8plus,False,LQAM74341541682494,adGroupName 56,trackerName 59,channel 9,campaign 22,creative 38,android,2024-01-01,Germany,0.0525969,adUnitFormat 1,adUnitName 1,QJGE25787236863773,de,Germany,"[Timestamp('2024-01-01 14:27:43.914488+0000', tz='UTC'), Timestamp('2024-01-01 14:31:38.235665+0000', tz='UTC')]",2024-01-01,TTCE01213474647282,"['HXJR70499520564369', 'QOUW24682420424542']",network 1,packageName 1,android,source 1,2,both
899f3348Lb6ff9f70416e9ad0929c38167708,us,2024-01-01 01:14:27+00:00,9,galaxys8active,False,IVCM96549977853590,adGroupName 10,trackerName 10,channel 3,campaign 6,creative 7,android,2024-01-01,United States,0.342264423,"['adUnitFormat 1', 'adUnitFormat 2', 'adUnitFormat 3']","['adUnitName 2', 'adUnitName 11', 'adUnitName 12', 'adUnitName 13', 'adUnitName 14', 'adUnitName 19']",PUNY73201688947662,us,United States,"[Timestamp('2024-01-01 02:49:19.098225+0000', tz='UTC'), Timestamp('2024-01-01 01:18:23.333482+0000', tz='UTC'), Timestamp('2024-01-01 01:20:29.898407+0000', tz='UTC'), Timestamp('2024-01-01 01:20:39.660628+0000', tz='UTC'), Timestamp('2024-01-01 01:20:59.647255+0000', tz='UTC'), Timestamp('2024-01-01 01:23:48.938336+0000', tz='UTC'), Timestamp('2024-01-01 01:25:07.299672+0000', tz='UTC'), Timestamp('2024-01-01 01:26:30.960055+0000', tz='UTC'), Timestamp('2024-01-01 03:12:58.459546+0000', tz='UTC'), Timestamp('2024-01-01 03:15:20.796641+0000', tz='UTC'), Timestamp('2024-01-01 01:38:36.582908+0000', tz='UTC'), Timestamp('2024-01-01 01:43:16.333402+0000', tz='UTC'), Timestamp('2024-01-01 01:44:20.273633+0000', tz='UTC'), Timestamp('2024-01-01 01:44:54.645353+0000', tz='UTC'), Timestamp('2024-01-01 01:45:14.617698+0000', tz='UTC'), Timestamp('2024-01-01 04:09:52.449039+0000', tz='UTC'), Timestamp('2024-01-01 04:10:02.498797+0000', tz='UTC'), Timestamp('2024-01-01 04:10:13.443415+0000', tz='UTC'), Timestamp('2024-01-01 04:10:22.447415+0000', tz='UTC'), Timestamp('2024-01-01 04:11:24.270135+0000', tz='UTC'), Timestamp('2024-01-01 04:11:32.825678+0000', tz='UTC'), Timestamp('2024-01-01 04:11:44.649973+0000', tz='UTC'), Timestamp('2024-01-01 04:11:52.476270+0000', tz='UTC'), Timestamp('2024-01-01 04:12:02.688680+0000', tz='UTC'), Timestamp('2024-01-01 04:12:12.560616+0000', tz='UTC'), Timestamp('2024-01-01 04:15:12.797809+0000', tz='UTC'), Timestamp('2024-01-01 04:15:22.775701+0000', tz='UTC'), Timestamp('2024-01-01 04:15:33.024231+0000', tz='UTC'), Timestamp('2024-01-01 04:15:39.768602+0000', tz='UTC'), Timestamp('2024-01-01 04:15:52.646940+0000', tz='UTC'), Timestamp('2024-01-01 04:16:02.892520+0000', tz='UTC'), Timestamp('2024-01-01 04:16:22.703203+0000', tz='UTC'), Timestamp('2024-01-01 04:16:32.629733+0000', tz='UTC'), Timestamp('2024-01-01 04:16:42.801027+0000', tz='UTC'), Timestamp('2024-01-01 04:16:52.850531+0000', tz='UTC'), Timestamp('2024-01-01 04:17:02.803099+0000', tz='UTC'), Timestamp('2024-01-01 04:17:14.216163+0000', tz='UTC'), Timestamp('2024-01-01 04:17:22.732656+0000', tz='UTC'), Timestamp('2024-01-01 04:17:33.203772+0000', tz='UTC'), Timestamp('2024-01-01 04:17:43.495798+0000', tz='UTC'), Timestamp('2024-01-01 04:17:49.844926+0000', tz='UTC'), Timestamp('2024-01-01 04:18:03.241915+0000', tz='UTC'), Timestamp('2024-01-01 04:18:23.290755+0000', tz='UTC'), Timestamp('2024-01-01 04:18:33.583131+0000', tz='UTC'), Timestamp('2024-01-01 04:18:43.158543+0000', tz='UTC'), Timestamp('2024-01-01 04:18:53.118689+0000', tz='UTC'), Timestamp('2024-01-01 04:19:03.005172+0000', tz='UTC'), Timestamp('2024-01-01 04:19:52.760941+0000', tz='UTC'), Timestamp('2024-01-01 04:20:02.945792+0000', tz='UTC'), Timestamp('2024-01-01 04:20:10.384603+0000', tz='UTC'), Timestamp('2024-01-01 04:20:20.208692+0000', tz='UTC'), Timestamp('2024-01-01 04:20:29.909430+0000', tz='UTC'), Timestamp('2024-01-01 04:20:39.800514+0000', tz='UTC'), Timestamp('2024-01-01 05:14:17.976272+0000', tz='UTC'), Timestamp('2024-01-01 05:14:33.901551+0000', tz='UTC'), Timestamp('2024-01-01 05:14:44.049259+0000', tz='UTC'), Timestamp('2024-01-01 05:15:04.175162+0000', tz='UTC'), Timestamp('2024-01-01 05:15:13.855157+0000', tz='UTC'), Timestamp('2024-01-01 05:15:23.910543+0000', tz='UTC'), Timestamp('2024-01-01 05:15:33.955094+0000', tz='UTC'), Timestamp('2024-01-01 05:15:43.859903+0000', tz='UTC'), Timestamp('2024-01-01 05:15:54.058302+0000', tz='UTC'), Timestamp('2024-01-01 05:16:03.868492+0000', tz='UTC'), Timestamp('2024-01-01 05:16:23.698755+0000', tz='UTC'), Timestamp('2024-01-01 05:16:33.699274+0000', tz='UTC'), Timestamp('2024-01-01 05:16:43.761178+0000', tz='UTC'), Timestamp('2024-01-01 05:16:53.859479+0000', tz='UTC'), Timestamp('2024-01-01 05:16:57.226030+0000', tz='UTC'), Timestamp('2024-01-01 05:18:31.468403+0000', tz='UTC'), Timestamp('2024-01-01 05:18:41.761561+0000', tz='UTC'), Timestamp('2024-01-01 05:18:51.523722+0000', tz='UTC'), Timestamp('2024-01-01 05:19:00.021904+0000', tz='UTC'), Timestamp('2024-01-01 05:19:28.043405+0000', tz='UTC'), Timestamp('2024-01-01 05:19:37.988614+0000', tz='UTC'), Timestamp('2024-01-01 05:19:47.911040+0000', tz='UTC'), Timestamp('2024-01-01 05:19:57.873136+0000', tz='UTC'), Timestamp('2024-01-01 05:20:07.364896+0000', tz='UTC'), Timestamp('2024-01-01 05:20:47.651739+0000', tz='UTC'), Timestamp('2024-01-01 05:20:56.798199+0000', tz='UTC'), Timestamp('2024-01-01 05:21:06.819072+0000', tz='UTC'), Timestamp('2024-01-01 05:21:16.677910+0000', tz='UTC'), Timestamp('2024-01-01 05:21:26.709910+0000', tz='UTC'), Timestamp('2024-01-01 05:21:36.813666+0000', tz='UTC'), Timestamp('2024-01-01 05:21:46.723762+0000', tz='UTC'), Timestamp('2024-01-01 05:21:56.815793+0000', tz='UTC'), Timestamp('2024-01-01 05:22:07.011433+0000', tz='UTC')]",2024-01-01,QJYS94185817323199,"['RGBB36020901678624', 'LFKZ80688340910168', 'VDKK69081690714949', 'EBHN10527932980775', 'YBOV97127657852267', 'WNGJ60637680497047', 'XMXW27149838747399', 'VJAQ65661396279095', 'PCYS64554841278075', 'UHJX53570597948847', 'XVQJ21851988578982', 'CZWI69479412336897', 'VNIV23330447382631', 'JLXY19092441250544', 'MOCG75294570799312', 'ITCR18495373975293', 'DLBQ78314423727011', 'GAJI77904689487690', 'YMIN40788801331988', 'WDBO84481591158212', 'FJKC83093733622185', 'HLWX37437483708479', 'VCZR23543144462293', 'RYIG64407636481923', 'CYQT09565719176731', 'NBQB32951001999242', 'IFGM59175142020597', 'IQOG92584522124941', 'WICF98458027293759', 'AQDF33370821688509', 'RRDW30658834038510', 'DXWL87599584680850', 'UZTL39676491797861', 'FCFM81570043563434', 'WNSG91509757213556', 'FRBB97668121827643', 'IAAG37937830522552', 'SCZU13988726120757', 'FJFU36912900329181', 'MOFS27577613320140', 'OKIA90846026120721', 'ZGXI08613870726562', 'UROL40353834095867', 'WKDS17037958938053', 'AAWW39253628118313', 'KTOV36930624132642', 'RMIN03922869482697', 'GNYM75122961036473', 'TXRA14182807983513', 'JVTC82889955701958', 'IZIA09087128797965', 'KNFB86800907039485', 'ZKNK23417087773815', 'UTCP74407885696964', 'GIKF50174116140867', 'IQVX94506049640435', 'LZCE64721846991231', 'UOTG76163836034975', 'ASVG13300336274100', 'WSLH01694234481938', 'ROVF59778376765987', 'FYCJ29156546919043', 'MIHN93376710541855', 'GWLC89819140587086', 'EXDT80831369062637', 'CQHC61098568602968', 'EHER54708541833433', 'DXGL78135112395100', 'SOBO00660899236711', 'TGFW51490186953012', 'KJSJ11283273636792', 'GNWX81574680204412', 'BWWO97428198086519', 'XJFC00417748739463', 'RNMM22311476647311', 'WMCN88643723526919', 'UGVS26713844871690', 'TOZR84314006791794', 'QFXM71553083600420', 'NBYA53168586320974', 'ZBHB73025554924441', 'XGVQ46164289018624', 'FTSI98521611597098', 'MEBK12873938843116', 'AIST27786779218470', 'SXDH46924392393701']","['network 2', 'network 6', 'network 7', 'network 1', 'network 17', 'network 15', 'network 11']","['packageName 2', 'packageName 4', 'packageName 5']",android,source 1,86,both
8c5b3348L84686c3247fe9a1bab09c80621f8,us,2024-01-01 09:45:09+00:00,9,galaxyj7crown,False,LAJQ87967880944474,adGroupName 9,trackerName 9,channel 3,campaign 6,creative 6,android,2024-01-01,United States,,,,,,,,,,,,,,,0,left_only
116a3348L8225d8254093a3f919c797bc2831,us,2024-01-01 20:33:32+00:00,9,u693cl,False,QGNK27406694887597,adGroupName 8,trackerName 8,channel 3,campaign 6,creative 6,android,2024-01-01,United States,,,,,,,,,,,,,,,0,left_only
e2d63348Lce62a8024ac89653ae4ce11d721a,es,2024-01-01 16:43:59+00:00,9,redminote8,False,GRXL72868186481877,adGroupName 7,trackerName 7,channel 2,campaign 5,creative 5,android,2024-01-01,Spain,0.47351,"['adUnitFormat 1', 'adUnitFormat 4']","['adUnitName 1', 'adUnitName 16']","['KAEC25875650770807', 'MVNH76971032880472']",es,Spain,"[Timestamp('2024-01-01 17:46:47.232714+0000', tz='UTC'), Timestamp('2024-01-01 17:11:09.364170+0000', tz='UTC')]",2024-01-01,"['DFJH30793295851791', 'YCNR63263280188324']","['GEAG87212087745327', 'FSBX50895412762884']","['network 1', 'network 10']","['packageName 1', 'packageName 7']",android,"['source 1', 'source 2']",2,both
b6213348Lf67fa1504199ac6968267493874e,es,2024-01-01 21:57:04+00:00,9,galaxys8,False,GKCF16655804558808,adGroupName 6,trackerName 6,channel 2,campaign 5,creative 5,android,2024-01-01,Spain,,,,,,,,,,,,,,,0,left_only
4fdc3348L2faf4e284eb9adb5be1b07a6986d,us,2024-01-01 21:33:33+00:00,9,legacy,True,MCCX57851778477919,adGroupName 5,trackerName 5,channel 2,campaign 4,creative 4,android,2024-01-01,United States,,,,,,,,,,,,,,,0,left_only
4b253348L425fcba2462695f699e27870a6b5,us,2024-01-01 16:18:22+00:00,9,journeylte,False,RCHZ07124631299886,adGroupName 5,trackerName 5,channel 2,campaign 4,creative 4,android,2024-01-01,United States,,,,,,,,,,,,,,,0,left_only
d8923348L4d9b4e674e469b1cb7faa12869f4,us,2024-01-01 18:04:17+00:00,9,galaxys8active,False,VQZE64662082917175,adGroupName 4,trackerName 4,channel 1,campaign 2,creative 3,android,2024-01-01,United States,,,,,,,,,,,,,,,0,left_only
e2743348L699571fa4fd9b4f7e8b3c5720df0,de,2024-01-01 03:29:45+00:00,9,y5(2019),False,GAZL00570149805783,adGroupName 3,trackerName 3,channel 1,campaign 3,creative 2,android,2024-01-01,Germany,0.186441008,"['adUnitFormat 1', 'adUnitFormat 2', 'adUnitFormat 3']","['adUnitName 1', 'adUnitName 15', 'adUnitName 20']",DNRA06338648505622,us,United States,"[Timestamp('2024-01-01 06:05:44.576467+0000', tz='UTC'), Timestamp('2024-01-01 01:18:46.803756+0000', tz='UTC'), Timestamp('2024-01-01 01:18:57.367861+0000', tz='UTC'), Timestamp('2024-01-01 06:38:04.218217+0000', tz='UTC'), Timestamp('2024-01-01 15:29:51.522594+0000', tz='UTC'), Timestamp('2024-01-01 23:25:34.720679+0000', tz='UTC'), Timestamp('2024-01-01 05:29:15.823771+0000', tz='UTC'), Timestamp('2024-01-01 05:34:57.524904+0000', tz='UTC'), Timestamp('2024-01-01 06:02:15.851377+0000', tz='UTC'), Timestamp('2024-01-01 06:09:27.898768+0000', tz='UTC'), Timestamp('2024-01-01 06:41:07.014082+0000', tz='UTC'), Timestamp('2024-01-01 06:44:04.399614+0000', tz='UTC'), Timestamp('2024-01-01 06:52:23.257297+0000', tz='UTC'), Timestamp('2024-01-01 06:55:26.680091+0000', tz='UTC'), Timestamp('2024-01-01 06:58:37.055420+0000', tz='UTC'), Timestamp('2024-01-01 07:01:31.017212+0000', tz='UTC'), Timestamp('2024-01-01 07:04:11.317980+0000', tz='UTC'), Timestamp('2024-01-01 07:06:53.849965+0000', tz='UTC'), Timestamp('2024-01-01 07:10:42.197851+0000', tz='UTC'), Timestamp('2024-01-01 07:13:21.706880+0000', tz='UTC'), Timestamp('2024-01-01 07:16:01.971188+0000', tz='UTC'), Timestamp('2024-01-01 14:54:44.865467+0000', tz='UTC'), Timestamp('2024-01-01 15:53:48.700769+0000', tz='UTC'), Timestamp('2024-01-01 15:56:49.170649+0000', tz='UTC'), Timestamp('2024-01-01 15:57:54.934038+0000', tz='UTC'), Timestamp('2024-01-01 15:58:04.899140+0000', tz='UTC'), Timestamp('2024-01-01 18:45:45.013534+0000', tz='UTC'), Timestamp('2024-01-01 18:45:55.101665+0000', tz='UTC'), Timestamp('2024-01-01 18:46:05.182954+0000', tz='UTC'), Timestamp('2024-01-01 18:46:15.315603+0000', tz='UTC'), Timestamp('2024-01-01 18:46:20.246468+0000', tz='UTC'), Timestamp('2024-01-01 18:46:32.387467+0000', tz='UTC'), Timestamp('2024-01-01 23:15:42.505462+0000', tz='UTC'), Timestamp('2024-01-01 23:15:52.510994+0000', tz='UTC'), Timestamp('2024-01-01 23:16:02.557426+0000', tz='UTC'), Timestamp('2024-01-01 23:16:10.270394+0000', tz='UTC'), Timestamp('2024-01-01 23:16:23.835880+0000', tz='UTC'), Timestamp('2024-01-01 23:17:13.676368+0000', tz='UTC'), Timestamp('2024-01-01 23:17:23.725860+0000', tz='UTC'), Timestamp('2024-01-01 23:17:33.676164+0000', tz='UTC'), Timestamp('2024-01-01 23:17:43.671810+0000', tz='UTC'), Timestamp('2024-01-01 23:17:46.605456+0000', tz='UTC'), Timestamp('2024-01-01 23:18:44.714442+0000', tz='UTC'), Timestamp('2024-01-01 23:22:11.602707+0000', tz='UTC'), Timestamp('2024-01-01 23:22:21.459592+0000', tz='UTC'), Timestamp('2024-01-01 23:22:23.485020+0000', tz='UTC'), Timestamp('2024-01-01 23:22:38.930145+0000', tz='UTC'), Timestamp('2024-01-01 23:22:49.007859+0000', tz='UTC'), Timestamp('2024-01-01 23:22:59.021655+0000', tz='UTC'), Timestamp('2024-01-01 23:24:44.883067+0000', tz='UTC'), Timestamp('2024-01-01 23:24:54.798570+0000', tz='UTC'), Timestamp('2024-01-01 23:25:06.054248+0000', tz='UTC'), Timestamp('2024-01-01 23:25:14.862052+0000', tz='UTC'), Timestamp('2024-01-01 23:25:24.723691+0000', tz='UTC'), Timestamp('2024-01-01 23:25:43.493476+0000', tz='UTC'), Timestamp('2024-01-01 23:26:02.113182+0000', tz='UTC'), Timestamp('2024-01-01 23:26:12.041984+0000', tz='UTC'), Timestamp('2024-01-01 23:26:22.017481+0000', tz='UTC'), Timestamp('2024-01-01 23:26:31.956091+0000', tz='UTC'), Timestamp('2024-01-01 23:30:25.172493+0000', tz='UTC'), Timestamp('2024-01-01 23:30:37.137139+0000', tz='UTC'), Timestamp('2024-01-01 23:30:45.027554+0000', tz='UTC'), Timestamp('2024-01-01 23:30:57.193192+0000', tz='UTC'), Timestamp('2024-01-01 23:31:05.057395+0000', tz='UTC'), Timestamp('2024-01-01 23:31:15.103242+0000', tz='UTC'), Timestamp('2024-01-01 23:31:25.140211+0000', tz='UTC'), Timestamp('2024-01-01 23:31:26.505226+0000', tz='UTC'), Timestamp('2024-01-01 23:31:42.115487+0000', tz='UTC'), Timestamp('2024-01-01 23:31:51.970345+0000', tz='UTC'), Timestamp('2024-01-01 23:32:02.029497+0000', tz='UTC'), Timestamp('2024-01-01 23:32:12.183580+0000', tz='UTC'), Timestamp('2024-01-01 23:32:13.887775+0000', tz='UTC'), Timestamp('2024-01-01 23:32:16.161886+0000', tz='UTC')]",2024-01-01,"['YBSU65690062552565', 'FPFN52196479306040']","['VTCG22147540339387', 'PBIE97890996680769', 'XXNF19744635632330', 'YCFE33241224322567', 'RTWP53951539745249', 'VZIU46355171974193', 'TEYS90539224464689', 'DYEI05193630300016', 'SPVP06171687733473', 'HJUJ81162856957456', 'URKO89891058236715', 'XSKJ43583345137986', 'RWFW56186650947647', 'CCIQ75095009452692', 'OALJ36845453438498', 'MGQT72195797133850', 'TAHM11443537289765', 'TGET63836307931956', 'LXDC62332797632035', 'PDAX70025215504694', 'HJQW13354470945707', 'WHNO87672899532917', 'YVKA45141191187349', 'ZBCU06002554197012', 'ZSMA22748752619369', 'DGPW23133604260497', 'HANN28830846907658', 'QJDO85797929129560', 'AZIY24013609375662', 'IESX34062500392173', 'HIFB34242861363722', 'OCCC98917744581649', 'SFZZ27023614496274', 'VKLZ19795367403348', 'XLAJ51939129677739', 'SEEI92088974478678', 'PUBP70938748033889', 'TCVX10732700034465', 'ABDP30681804086265', 'QMUG84712067753961', 'IWWK12866224426206', 'UGNS53265576828420', 'IQQQ17921754904437', 'LDZH12363717744047', 'XBIE18948511944851', 'INVY28486486187650', 'EXYV83331664638703', 'NCUI64177044326562', 'ACDH09681567274013', 'CQDA58981036616028', 'KHJO11240177223818', 'EABH43485214384560', 'XYEY52746388724992', 'WBQT98378788929526', 'EEFS92354969442186', 'IKWE84678356845014', 'TXLN41001433074472', 'BJPC80727971174903', 'AOOE65836352706609', 'XGYV88941729879597', 'GBAD22081742736051', 'LWXE43587051328529', 'RRHA17758967443000', 'RQKM01902906003742', 'WYAO28374620127911', 'PRLE51004806085527', 'ILLY07993066624749', 'FLUF29807747310086', 'VZEU30077789717869', 'DQSX59510529300873', 'ZDPP88144479376543', 'WXUF68437423581327', 'SKWJ59270565996890']","['network 1', 'network 8', 'network 2', 'network 12', 'network 17', 'network 13', 'network 6', 'network 7', 'network 3', 'network 15']","['packageName 1', 'packageName 6']",android,source 1,73,both
06c53348Lb7f6262c4261a5b7340f301f4a92,au,2024-01-01 01:22:50+00:00,9,galaxytaba(2017),False,QLVO96314900235206,adGroupName 2,trackerName 2,channel 1,campaign 2,creative 1,android,2024-01-01,Australia,0.006180977,adUnitFormat 1,adUnitName 1,WYWS55356535259373,ca,Canada,"[Timestamp('2024-01-01 04:19:04.281771+0000', tz='UTC'), Timestamp('2024-01-01 04:41:18.041051+0000', tz='UTC'), Timestamp('2024-01-01 05:02:39.465687+0000', tz='UTC'), Timestamp('2024-01-01 06:41:46.783231+0000', tz='UTC'), Timestamp('2024-01-01 08:00:45.014775+0000', tz='UTC'), Timestamp('2024-01-01 05:32:03.184580+0000', tz='UTC'), Timestamp('2024-01-01 05:35:34.077806+0000', tz='UTC'), Timestamp('2024-01-01 05:55:41.266758+0000', tz='UTC'), Timestamp('2024-01-01 06:06:00.539139+0000', tz='UTC'), Timestamp('2024-01-01 06:09:20.850970+0000', tz='UTC'), Timestamp('2024-01-01 06:38:39.752453+0000', tz='UTC'), Timestamp('2024-01-01 06:45:03.783219+0000', tz='UTC'), Timestamp('2024-01-01 06:47:55.044143+0000', tz='UTC'), Timestamp('2024-01-01 06:51:32.696920+0000', tz='UTC'), Timestamp('2024-01-01 06:54:13.443573+0000', tz='UTC'), Timestamp('2024-01-01 06:58:38.065956+0000', tz='UTC'), Timestamp('2024-01-01 07:01:46.451219+0000', tz='UTC'), Timestamp('2024-01-01 07:04:54.964535+0000', tz='UTC'), Timestamp('2024-01-01 07:10:37.325990+0000', tz='UTC'), Timestamp('2024-01-01 07:14:00.331726+0000', tz='UTC'), Timestamp('2024-01-01 07:26:20.774620+0000', tz='UTC'), Timestamp('2024-01-01 07:29:31.268758+0000', tz='UTC'), Timestamp('2024-01-01 07:32:14.781942+0000', tz='UTC'), Timestamp('2024-01-01 07:35:36.219471+0000', tz='UTC'), Timestamp('2024-01-01 07:38:51.221021+0000', tz='UTC'), Timestamp('2024-01-01 07:41:50.261926+0000', tz='UTC'), Timestamp('2024-01-01 08:16:01.168631+0000', tz='UTC'), Timestamp('2024-01-01 08:20:47.756082+0000', tz='UTC'), Timestamp('2024-01-01 08:26:19.480939+0000', tz='UTC'), Timestamp('2024-01-01 08:29:26.073329+0000', tz='UTC'), Timestamp('2024-01-01 08:31:59.813247+0000', tz='UTC'), Timestamp('2024-01-01 08:52:36.535375+0000', tz='UTC'), Timestamp('2024-01-01 08:55:20.734547+0000', tz='UTC'), Timestamp('2024-01-01 08:58:36.215127+0000', tz='UTC'), Timestamp('2024-01-01 09:01:38.425901+0000', tz='UTC')]",2024-01-01,OPDS19296982968073,"['ACVH81800365309399', 'AJIE67942237150314', 'NMFD23525567785987', 'MEHX26688076746853', 'BNHB37216705096339', 'EMDC52921030581602', 'WLOH13384236049043', 'UKMM68769159193530', 'FPDE59152391800692', 'HFQS45643598531594', 'BKPD63492100034986', 'ROTU47343057654546', 'JIHZ22513500335559', 'LKHK32685881712736', 'LJAE03543957929821', 'WTWA69363884906762', 'BBSB53359626681934', 'WIJQ73898012316332', 'RLAU62990166001241', 'KJFM10708573642733', 'QBIA62238761405965', 'BUBU83470563315586', 'IBAX78185370031027', 'SBIA81398749511898', 'JXVS63456218226984', 'VFUP67982350759657', 'VWFX26914907846427', 'QQYH43552889133201', 'MRMJ47852730259644', 'AEEV95003138967338', 'QFHH54250361265052', 'CPLQ46136710035893', 'EEJK49053996885426', 'LHVT76073551397013', 'ICFE02825335814232']","['network 1', 'network 11']",packageName 1,android,source 1,35,both
9f3b3348Lfc6d6a144388ae0c4768b54c79ca,us,2024-01-01 01:11:23+00:00,9,galaxys8,False,MUJU91991664314739,adGroupName 12,trackerName 12,channel 4,campaign 7,creative 8,android,2024-01-01,United States,,,,,,,,,,,,,,,0,left_only
73e93348L2c3dab404254965052161473085e,us,2024-01-01 12:01:16+00:00,10,galaxys9plus,False,CZAX74339463878136,adGroupName 11,trackerName 11,channel 3,campaign 6,creative 7,android,2024-01-01,United States,,,,,,,,,,,,,,,0,left_only
29e43348L9e635dfb4d79b8fe4488d2decad5,us,2024-01-01 04:59:22+00:00,10,galaxynote9,False,FVWI48935781386681,adGroupName 58,trackerName 61,channel 10,campaign 23,creative 39,android,2024-01-01,United States,0.41090786,"['adUnitFormat 3', 'adUnitFormat 2', 'adUnitFormat 1']","['adUnitName 4', 'adUnitName 5', 'adUnitName 1']",HLNY13806194246881,us,United States,"[Timestamp('2024-01-01 20:56:33.943846+0000', tz='UTC'), Timestamp('2024-01-01 20:59:45.681038+0000', tz='UTC'), Timestamp('2024-01-01 21:01:21.368953+0000', tz='UTC'), Timestamp('2024-01-01 21:24:12.543126+0000', tz='UTC'), Timestamp('2024-01-01 21:24:30.044008+0000', tz='UTC'), Timestamp('2024-01-01 21:25:04.365664+0000', tz='UTC'), Timestamp('2024-01-01 08:15:07.944721+0000', tz='UTC')]",2024-01-01,"['UQZS41127917686848', 'DNAD79611404131476']","['FYTW17213035412997', 'KODE76918728645392', 'MHLP44907585579991', 'DEWR72672154823793', 'MBGE40101719128160', 'VBZW41977211397507', 'IPTD66652972943882']","['network 2', 'network 1']","['packageName 2', 'packageName 1']",android,source 1,7,both
8ad13348L374d272d45a38322ca88c9f87bec,us,2024-01-01 11:21:47+00:00,11,one5gace,False,TSZF57696229659748,adGroupName 32,trackerName 34,channel 7,campaign 14,creative 19,android,2024-01-01,United States,,,,,,,,,,,,,,,0,left_only
25cd3348L7983668e46c3afe1922cc0a93041,us,2024-01-01 17:37:05+00:00,11,octopus,False,DJJV78195021110391,adGroupName 61,trackerName 65,channel 10,campaign 23,creative 39,android,2024-01-01,United States,,,,,,,,,,,,,,,0,left_only
13d03348L81af24674064b4b411d499101009,us,2024-01-01 01:08:48+00:00,11,view2,False,GOXE19602689376661,adGroupName 59,trackerName 63,channel 10,campaign 23,creative 40,android,2024-01-01,United States,,,,,,,,,,,,,,,0,left_only
25413348L8a0a23274d0697c6a9e3c059794e,us,2024-01-01 02:24:39+00:00,11,motogplay(2021),False,WGJG38043126510958,adGroupName 57,trackerName 60,channel 10,campaign 23,creative 39,android,2024-01-01,United States,,,,,,,,,,,,,,,0,left_only
25243348L726222ab4b6bb9ee214e1cda0588,us,2024-01-01 22:44:36+00:00,11,motog8power,False,DEIX17756832042756,adGroupName 60,trackerName 64,channel 10,campaign 23,creative 39,android,2024-01-01,United States,0.802977,adUnitFormat 4,adUnitName 16,MVNH76971032880472,us,United States,"[Timestamp('2024-01-01 23:15:04.957865+0000', tz='UTC'), Timestamp('2024-01-01 23:28:04.054587+0000', tz='UTC')]",2024-01-01,YCNR63263280188324,"['QHDP85621363002923', 'EUBC64466361540463']",network 10,packageName 7,android,source 2,2,both
20a23348L6f3255a64d5084a87e6907ef2005,us,2024-01-01 01:28:16+00:00,11,tab-8us2,False,AOUX47203090866548,adGroupName 62,trackerName 66,channel 10,campaign 23,creative 39,android,2024-01-01,United States,0.104814501,"['adUnitFormat 2', 'adUnitFormat 3']","['adUnitName 5', 'adUnitName 9', 'adUnitName 17']",SUQI74040824240185,us,United States,"[Timestamp('2024-01-01 02:28:39.033802+0000', tz='UTC'), Timestamp('2024-01-01 13:33:32.620142+0000', tz='UTC'), Timestamp('2024-01-01 14:00:37.052279+0000', tz='UTC'), Timestamp('2024-01-01 13:34:40.292996+0000', tz='UTC'), Timestamp('2024-01-01 13:34:49.702352+0000', tz='UTC'), Timestamp('2024-01-01 13:35:30.063157+0000', tz='UTC'), Timestamp('2024-01-01 13:35:40.004196+0000', tz='UTC'), Timestamp('2024-01-01 13:35:49.737050+0000', tz='UTC'), Timestamp('2024-01-01 13:59:06.026349+0000', tz='UTC'), Timestamp('2024-01-01 13:59:07.363245+0000', tz='UTC')]",2024-01-01,GWVQ53818041567948,"['ZKZU42361185325324', 'IDPW23212085528505', 'QLCH54363125273557', 'VMMC12148816412142', 'BDCX30625102140790', 'MOWM33224059637824', 'ZXUD55124076213143', 'MFCW39184316899944', 'VIPA51241180510247', 'SYKH35028624694617']","['network 3', 'network 5', 'network 13', 'network 8', 'network 14', 'network 1']","['packageName 2', 'packageName 3']",android,source 1,10,both
ffd13348L9f19f0e94b21bb326af44dc1c4ca,us,2024-01-01 07:54:09+00:00,11,galaxya50,False,SKBG67451305725312,adGroupName 14,trackerName 14,channel 4,campaign 7,creative 8,android,2024-01-01,United States,1.5280779,"['adUnitFormat 1', 'adUnitFormat 4']","['adUnitName 1', 'adUnitName 16']","['SMZD05078446441762', 'MVNH76971032880472']",us,United States,"[Timestamp('2024-01-01 19:38:38.141253+0000', tz='UTC'), Timestamp('2024-01-01 19:56:21.765810+0000', tz='UTC'), Timestamp('2024-01-01 21:39:11.415517+0000', tz='UTC')]",2024-01-01,"['GRMH20614238921798', 'YCNR63263280188324']","['GVNQ45448566313769', 'MHVR78167689736755', 'FVTA94593952108091']","['network 1', 'network 10']","['packageName 1', 'packageName 7']",android,"['source 1', 'source 2']",3,both
0ac43348Lb2590e4a4120bb37be16490fe691,us,2024-01-01 12:43:48+00:00,11,view2,False,AFGB27882138198715,adGroupName 13,trackerName 13,channel 4,campaign 7,creative 8,android,2024-01-01,United States,,,,,,,,,,,,,,,0,left_only
70053348Lec6ecdce489b8c563667dc01745d,us,2024-01-01 09:40:29+00:00,11,100026191,False,RTGO40837408689340,adGroupName 57,trackerName 62,channel 10,campaign 23,creative 40,android,2024-01-01,United States,0.00100684,adUnitFormat 2,adUnitName 10,EMHW48463635679486,us,United States,"[Timestamp('2024-01-01 15:29:02.768193+0000', tz='UTC')]",2024-01-01,CYSN11741142365796,CUGC88125352625022,network 5,packageName 3,android,source 1,1,both
e8483348L2d025de94a65bf6eb3ee4f10b745,us,2024-01-01 15:12:12+00:00,12,30xe5g,False,JJCC98669814042845,adGroupName 57,trackerName 62,channel 10,campaign 23,creative 40,android,2024-01-01,United States,,,,,,,,,,,,,,,0,left_only
4b333348Ld2fc847d47de8d61e84cb236e393,us,2024-01-01 12:33:36+00:00,12,motogplay2023,False,GADI72009909627061,adGroupName 16,trackerName 16,channel 4,campaign 7,creative 8,android,2024-01-01,United States,0.35,adUnitFormat 1,adUnitName 1,QXES63205968697394,us,United States,"[Timestamp('2024-01-01 13:54:32.770135+0000', tz='UTC')]",2024-01-01,KJML35066595097050,SZZM77965230903263,network 9,packageName 1,android,source 1,1,both
c4d53348L5beacdf34aa69d8b170f529e9bf3,us,2024-01-01 18:45:31+00:00,12,m8l2022,False,NIES97519456130857,adGroupName 15,trackerName 15,channel 4,campaign 7,creative 9,android,2024-01-01,United States,,,,,,,,,,,,,,,0,left_only
81023348L1d36fd3e4515a59ce3829a0f475a,us,2024-01-01 20:11:06+00:00,13,galaxya135g,False,KDCK27889446876333,adGroupName 34,trackerName 36,channel 8,campaign 15,creative 21,android,2024-01-01,United States,0.0503344,adUnitFormat 3,adUnitName 4,LZHT52229134858785,us,United States,"[Timestamp('2024-01-01 21:22:14.624672+0000', tz='UTC')]",2024-01-01,CSDB55069187895351,VWVK79729196127415,network 2,packageName 2,android,source 1,1,both
92503348L0e84d1724c99809fa15d254968d7,us,2024-01-01 22:19:45+00:00,13,galaxynote20ultra5g,False,BVNO84503180650921,adGroupName 33,trackerName 35,channel 7,campaign 14,creative 20,android,2024-01-01,United States,,,,,,,,,,,,,,,0,left_only
c7e93348L6d40ccf4454592eb936cf807b644,us,2024-01-01 15:19:09+00:00,13,motog5g(2022),False,DPZG44185406614965,adGroupName 17,trackerName 17,channel 4,campaign 7,creative 8,android,2024-01-01,United States,,,,,,,,,,,,,,,0,left_only
9ca03348Lcd02534e493d8f2af2abb69bcdaf,us,2024-01-01 14:34:55+00:00,13,galaxya535g,False,LNPT71166986878750,adGroupName 32,trackerName 34,channel 7,campaign 14,creative 19,android,2024-01-01,United States,0.704762,adUnitFormat 1,adUnitName 1,GIFB86645482078518,us,United States,"[Timestamp('2024-01-01 14:37:24.647229+0000', tz='UTC')]",2024-01-01,YCNR63263280188324,AXLA23733018921053,network 11,packageName 1,android,source 1,1,both
e2033348Lb60e9dd54d3a84223e5e460f1546,us,2024-01-01 17:18:20+00:00,14.3,iphonexr,False,SGJL01798779866261,adGroupName 37,trackerName 39,channel 4,campaign 17,creative 24,ios,2024-01-01,United States,,,,,,,,,,,,,,,0,left_only
f07c3348La0e2f03549a3bb0dc20a5089b9d7,us,2024-01-01 18:16:06+00:00,14.4,iphone6s,False,NPQH80532080462784,adGroupName 18,trackerName 18,channel 1,campaign 8,creative 10,ios,2024-01-01,United States,,,,,,,,,,,,,,,0,left_only
b2bc3348L34e0c8f3418c8f15714e061cc694,us,2024-01-01 12:12:47+00:00,14.4,iphone7,False,KSBU54768596469279,adGroupName 18,trackerName 19,channel 1,campaign 9,creative 10,ios,2024-01-01,United States,,,,,,,,,,,,,,,0,left_only
c2e33348L5b93c3514c96a1a0b67589c0a8bc,us,2024-01-01 17:03:35+00:00,14.7,iphone6s,False,TOGG80045912099594,adGroupName 18,trackerName 18,channel 1,campaign 8,creative 10,ios,2024-01-01,United States,,,,,,,,,,,,,,,0,left_only
78dc3348Ld387ad974a12a53670830f229e0b,us,2024-01-01 08:16:39+00:00,15.1,iphonexr,True,JNXJ94935737491930,adGroupName 28,trackerName 29,channel 7,campaign 12,creative 14,ios,2024-01-01,United States,0.001,adUnitFormat 2,adUnitName 6,MVNH76971032880472,us,United States,"[Timestamp('2024-01-01 08:19:22.128529+0000', tz='UTC')]",2024-01-01,KABJ82978017527509,IJAB91071190856753,network 3,packageName 2,ios,source 1,1,both
31593348Le3c97afc4eb19dd18746de1075c7,us,2024-01-01 05:54:35+00:00,15.2,ipad,True,VJYG25848456447922,adGroupName 23,trackerName 24,channel 6,campaign 11,creative 13,ios,2024-01-01,United States,,,,,,,,,,,,,,,0,left_only
de253348L02906b5a480c90733396a5a08bd5,us,2024-01-01 22:57:01+00:00,15.4.1,iphone11,True,NCKI95021834073096,adGroupName 45,trackerName 47,channel 9,campaign 18,creative 26,ios,2024-01-01,United States,,,,,,,,,,,,,,,0,left_only
a1023348L4a04793d45458c1267a54044397f,us,2024-01-01 21:32:39+00:00,15.5,ipad(9thgen),True,PXAU08491656801432,adGroupName 38,trackerName 40,channel 9,campaign 18,creative 25,ios,2024-01-01,United States,,,,,,,,,,,,,,,0,left_only
a5563348L876a9a5743ebaaea2719b08936f5,us,2024-01-01 15:55:46+00:00,15.8,iphone7plus,True,DHHE87348012383647,adGroupName 36,trackerName 38,channel 4,campaign 17,creative 23,ios,2024-01-01,United States,,,,,,,,,,,,,,,0,left_only
c8f73348L8518305444388d322386385d64c8,us,2024-01-01 23:22:34+00:00,15.8,iphone6s,True,GLYP06383020627728,adGroupName 39,trackerName 41,channel 9,campaign 18,creative 26,ios,2024-01-01,United States,,,,,,,,,,,,,,,0,left_only
1e2a3348L0fe816d840dab702032afb6de2d9,us,2024-01-01 14:07:09+00:00,15.8,iphone7plus,True,EPKF38914898794275,adGroupName 63,trackerName 67,channel 10,campaign 23,creative 39,ios,2024-01-01,United States,,,,,,,,,,,,,,,0,left_only
9d4d3348L68846a72411c83a252649517ee80,us,2024-01-01 22:40:22+00:00,15.8,iphone6splus,True,TCDS47394381550754,adGroupName 29,trackerName 30,channel 7,campaign 13,creative 15,ios,2024-01-01,United States,,,,,,,,,,,,,,,0,left_only
7b783348Lc4ffdec3414c98e9299c4227bc8d,us,2024-01-01 07:26:38+00:00,16,iphone13promax,True,VFJF33087127097152,adGroupName 19,trackerName 20,channel 5,campaign 10,creative 11,ios,2024-01-01,United States,0.0124,adUnitFormat 2,adUnitName 6,WGEY10102096538815,us,United States,"[Timestamp('2024-01-01 07:28:42.215510+0000', tz='UTC'), Timestamp('2024-01-01 07:29:50.367995+0000', tz='UTC'), Timestamp('2024-01-01 07:31:18.217940+0000', tz='UTC'), Timestamp('2024-01-01 07:32:08.441643+0000', tz='UTC'), Timestamp('2024-01-01 07:32:35.823826+0000', tz='UTC'), Timestamp('2024-01-01 07:34:31.641892+0000', tz='UTC'), Timestamp('2024-01-01 07:36:43.110394+0000', tz='UTC')]",2024-01-01,GPQK25514793922045,"['TWTM29456593603733', 'XWIA11031523182854', 'OJFV10897302051211', 'AEGS64122583253942', 'YEUT75730981937892', 'TRVV58035720076715', 'TXRM37222126480273']","['network 3', 'network 4']",packageName 2,ios,source 1,7,both
b5fc3348L15de448b45ab9f4e2bd5375ace74,us,2024-01-01 21:56:59+00:00,16,iphone12,True,BPHN71523003729370,adGroupName 24,trackerName 25,channel 6,campaign 11,creative 13,ios,2024-01-01,United States,,,,,,,,,,,,,,,0,left_only
821d3348L47ed38ce4d2baf4bcb5860737bd0,us,2024-01-01 02:23:29+00:00,16,iphonexr,True,MCHC92137559103516,adGroupName 25,trackerName 26,channel 6,campaign 11,creative 13,ios,2024-01-01,United States,,,,,,,,,,,,,,,0,left_only
93363348L140bed514be08245629f95733e9c,us,2024-01-01 22:57:12+00:00,16.0.2,iphone11,True,JPYZ13370455456817,adGroupName 20,trackerName 21,channel 5,campaign 10,creative 12,ios,2024-01-01,United States,,,,,,,,,,,,,,,0,left_only
28893348Ldd59e8b04095a950da7261c76558,us,2024-01-01 19:44:02+00:00,16.1.1,iphone13,True,IWVA46131388067157,adGroupName 46,trackerName 48,channel 9,campaign 18,creative 27,ios,2024-01-01,United States,0.000111,adUnitFormat 2,adUnitName 8,MVNH76971032880472,us,United States,"[Timestamp('2024-01-01 21:16:46.422220+0000', tz='UTC')]",2024-01-01,BUUG42936796274954,LGVM54139387532893,network 12,packageName 3,ios,source 1,1,both
d1f23348Lb4d35331402e8a5e050c0a81b715,us,2024-01-01 04:00:49+00:00,16.1.2,iphone13,True,QOJL50219026112760,adGroupName 47,trackerName 49,channel 9,campaign 18,creative 29,ios,2024-01-01,United States,0.001,adUnitFormat 2,adUnitName 6,MVNH76971032880472,us,United States,"[Timestamp('2024-01-01 04:02:59.814124+0000', tz='UTC')]",2024-01-01,YRXA02672446259865,UDEI14486708707552,network 3,packageName 2,ios,source 1,1,both
78363348L44b8fa184123b61a57383e77d90b,us,2024-01-01 18:01:48+00:00,16.3,iphone12,False,ZRMY11524621773580,adGroupName 64,trackerName 68,channel 10,campaign 23,creative 39,ios,2024-01-01,United States,,,,,,,,,,,,,,,0,left_only
742d3348L2303cbc147a9b7d5d5e2d2c8bb5e,us,2024-01-01 17:04:45+00:00,16.3.1,ipad(10thgen),True,BFMJ72784068177185,adGroupName 75,trackerName 79,channel 3,campaign 26,creative 6,ios,2024-01-01,United States,,,,,,,,,,,,,,,0,left_only
4bef3348L5ba54c324032a0afb7aae4af82f5,us,2024-01-01 07:46:52+00:00,16.3.1,iphone13,True,OZGB49454984677191,adGroupName 70,trackerName 74,channel 6,campaign 11,creative 13,ios,2024-01-01,United States,,,,,,,,,,,,,,,0,left_only
2c013348Lfb9e1e924c0dabbc8e5a020517cc,us,2024-01-01 19:30:11+00:00,16.6,ipad(9thgen),True,YGAL20682601452885,adGroupName 66,trackerName 70,channel 10,campaign 23,creative 39,ios,2024-01-01,United States,,,,,,,,,,,,,,,0,left_only
c7003348Ld6361ef440828eb5bc7a02095da3,us,2024-01-01 05:48:35+00:00,16.6,iphonexr,True,FQTH73741289474596,adGroupName 65,trackerName 69,channel 10,campaign 23,creative 39,ios,2024-01-01,United States,,,,,,,,,,,,,,,0,left_only
80ca3348Lfd5a3967456595b7a2a7e0a6a00b,us,2024-01-01 14:04:41+00:00,16.6,ipad(9thgen),True,CNVW17048970875657,adGroupName 74,trackerName 78,channel 3,campaign 26,creative 6,ios,2024-01-01,United States,,,,,,,,,,,,,,,0,left_only
69aa3348L41fcbae6424f8f448d7e7612254b,us,2024-01-01 17:06:15+00:00,16.6,iphone11,True,TVXD31771999351402,adGroupName 25,trackerName 26,channel 6,campaign 11,creative 13,ios,2024-01-01,United States,,,,,,,,,,,,,,,0,left_only
4f893348Ld00660434c769e2b9ccc4ecb21df,us,2024-01-01 11:20:54+00:00,16.6,iphonexs,True,GCFY14521415903166,adGroupName 40,trackerName 42,channel 9,campaign 18,creative 26,ios,2024-01-01,United States,0.018725853999999997,"['adUnitFormat 2', 'adUnitFormat 3']","['adUnitName 6', 'adUnitName 8', 'adUnitName 7']","['MVNH76971032880472', 'GJID88678989481239']",us,United States,"[Timestamp('2024-01-01 11:23:14.446523+0000', tz='UTC'), Timestamp('2024-01-01 21:17:01.002377+0000', tz='UTC'), Timestamp('2024-01-01 21:17:15.074989+0000', tz='UTC'), Timestamp('2024-01-01 21:17:29.022805+0000', tz='UTC'), Timestamp('2024-01-01 21:17:32.685466+0000', tz='UTC'), Timestamp('2024-01-01 21:19:39.075387+0000', tz='UTC')]",2024-01-01,GZCO51927861431594,"['YTVK20378471798861', 'KEGY36404722761477', 'GXRY93854891307476', 'GHTZ53424153921473', 'VXFX92649370714634', 'BYLF60968678654464']","['network 3', 'network 8', 'network 1', 'network 4']","['packageName 2', 'packageName 3']",ios,source 1,6,both
bf8c3348L7adbc83f4043ad28a800aa5e8dbb,us,2024-01-01 17:17:23+00:00,16.6,iphonese(2ndgeneration),True,GMNI86068832982542,adGroupName 30,trackerName 31,channel 7,campaign 13,creative 16,ios,2024-01-01,United States,,,,,,,,,,,,,,,0,left_only
dd5e3348Lca05b66647fcb4e80836197d8b8c,us,2024-01-01 17:21:23+00:00,16.6,iphonexs,True,AXDT42740737805822,adGroupName 68,trackerName 72,channel 6,campaign 11,creative 13,ios,2024-01-01,United States,,,,,,,,,,,,,,,0,left_only
f4533348L6deb7d4c4da58daee9b4c8a270eb,us,2024-01-01 19:55:31+00:00,16.6,iphone13,True,UHIY40550534024780,adGroupName 41,trackerName 43,channel 9,campaign 18,creative 27,ios,2024-01-01,United States,,,,,,,,,,,,,,,0,left_only
32713348L5f9a484f4f32bcdc7e3bbd7bd62d,us,2024-01-01 20:17:55+00:00,16.6.1,iphone13pro,True,UCZL65680032305500,adGroupName 71,trackerName 75,channel 6,campaign 25,creative 41,ios,2024-01-01,United States,,,,,,,,,,,,,,,0,left_only
87ea3348L9dcc20334e2b8309bd2ab651c664,us,2024-01-01 19:24:55+00:00,16.7.2,ipadpro(9.7),True,EKZS78116421449202,adGroupName 72,trackerName 76,channel 6,campaign 11,creative 13,ios,2024-01-01,United States,,,,,,,,,,,,,,,0,left_only
41f83348L8451459c4dea9f20ae7de35d1d3c,us,2024-01-01 00:17:25+00:00,16.7.2,iphone8,True,FYIK64388967970447,adGroupName 76,trackerName 80,channel 3,campaign 26,creative 6,ios,2024-01-01,United States,,,,,,,,,,,,,,,0,left_only
08603348Lf1ccd58d471db788afc8b4b26af0,us,2024-01-01 00:41:44+00:00,17.0.2,iphonexr,True,SHJN20694460348993,adGroupName 73,trackerName 77,channel 6,campaign 24,creative 42,ios,2024-01-01,United States,0.115277148,"['adUnitFormat 3', 'adUnitFormat 2']","['adUnitName 7', 'adUnitName 8', 'adUnitName 18']",WHTG32858174869758,us,United States,"[Timestamp('2024-01-01 01:16:54.888996+0000', tz='UTC'), Timestamp('2024-01-01 01:20:10.546679+0000', tz='UTC'), Timestamp('2024-01-01 01:25:34.046271+0000', tz='UTC'), Timestamp('2024-01-01 01:28:09.534343+0000', tz='UTC'), Timestamp('2024-01-01 01:54:45.470410+0000', tz='UTC'), Timestamp('2024-01-01 04:32:28.254543+0000', tz='UTC'), Timestamp('2024-01-01 04:36:33.437742+0000', tz='UTC')]",2024-01-01,XGTT77524482245241,"['YVHD02161867918500', 'IBTA21881429797948', 'PBTJ67176203543951', 'KKQD12412988477374', 'DLEI88647377664341', 'CLYK42709690713879', 'PXLI66724435298042']","['network 5', 'network 1']","['packageName 3', 'packageName 4']",ios,source 1,7,both
812d3348Lad2093644ef09f377cadef2b7426,us,2024-01-01 01:50:33+00:00,17.0.3,iphone15,True,UXXD96842211606760,adGroupName 27,trackerName 28,channel 6,campaign 11,creative 13,ios,2024-01-01,United States,,,,,,,,,,,,,,,0,left_only
12113348Lcf1116d84663bf77d3c61f856c04,us,2024-01-01 23:28:13+00:00,17.0.3,iphone12mini,False,WUOE82945139732406,adGroupName 62,trackerName 66,channel 10,campaign 23,creative 39,ios,2024-01-01,United States,,,,,,,,,,,,,,,0,left_only
42b43348Lecb383fc4277b670649fdb17bce1,us,2024-01-01 16:37:45+00:00,17.0.3,iphone12,True,XLYC27464268363065,adGroupName 25,trackerName 26,channel 6,campaign 11,creative 13,ios,2024-01-01,United States,,,,,,,,,,,,,,,0,left_only
53523348L828abf9744cb8b4249ff31eea33c,us,2024-01-01 08:52:09+00:00,17.1,iphone15plus,True,NFDR01972641061440,adGroupName 42,trackerName 44,channel 9,campaign 18,creative 28,ios,2024-01-01,United States,0.00635,adUnitFormat 2,adUnitName 6,MVNH76971032880472,us,United States,"[Timestamp('2024-01-01 09:00:13.503502+0000', tz='UTC'), Timestamp('2024-01-01 09:06:32.106583+0000', tz='UTC'), Timestamp('2024-01-01 09:15:41.471601+0000', tz='UTC'), Timestamp('2024-01-01 09:16:30.158610+0000', tz='UTC'), Timestamp('2024-01-01 08:54:38.985543+0000', tz='UTC'), Timestamp('2024-01-01 08:56:39.044289+0000', tz='UTC'), Timestamp('2024-01-01 08:56:48.026298+0000', tz='UTC')]",2024-01-01,ACDA57658100519826,"['JQTN87001498668748', 'EWSN72840819551207', 'GCPR21537322195273', 'MQXW26377419813586', 'QGWS20862736349433', 'GKMC98190682220513', 'XGDK69153179433528']","['network 3', 'network 4']",packageName 2,ios,source 1,7,both
84d63348Le24796af401dbc387832dd9678de,us,2024-01-01 08:33:35+00:00,17.1.1,iphone15promax,False,QRKO19074758967073,adGroupName 35,trackerName 37,channel 4,campaign 16,creative 22,ios,2024-01-01,United States,,,,,,,,,,,,,,,0,left_only
a5e23348L2fdde43748d1a4dfd1f6c62fcc57,us,2024-01-01 02:53:04+00:00,17.1.1,iphone11,True,NJYS04600953054159,adGroupName 28,trackerName 29,channel 7,campaign 12,creative 14,ios,2024-01-01,United States,0.012277541000000001,"['adUnitFormat 3', 'adUnitFormat 2']","['adUnitName 7', 'adUnitName 8']",MVNH76971032880472,us,United States,"[Timestamp('2024-01-01 21:18:48.588305+0000', tz='UTC'), Timestamp('2024-01-01 21:19:44.928552+0000', tz='UTC'), Timestamp('2024-01-01 21:20:05.691041+0000', tz='UTC')]",2024-01-01,CIGH99074470471404,"['LXQV76398568414482', 'UGGS97740545800683', 'IUCO28598848149915']","['network 11', 'network 13']",packageName 3,ios,source 1,3,both
d2893348Le17a7e674f7cbe9ebbc6493aa115,us,2024-01-01 23:44:09+00:00,17.1.1,iphonese(3rdgeneration),True,SSDA52295268910889,adGroupName 21,trackerName 22,channel 5,campaign 10,creative 12,ios,2024-01-01,United States,,,,,,,,,,,,,,,0,left_only
97fd3348Lf4a368b440698a7810287f425eff,us,2024-01-01 03:03:24+00:00,17.1.1,iphone12pro,True,SXUM86728597111694,adGroupName 77,trackerName 81,channel 3,campaign 26,creative 6,ios,2024-01-01,United States,,,,,,,,,,,,,,,0,left_only
db033348Lbc996cac42d2b7fc270fd49e42c0,us,2024-01-01 17:04:54+00:00,17.1.2,iphone12mini,True,RPTT11856856256407,adGroupName 79,trackerName 83,channel 3,campaign 26,creative 6,ios,2024-01-01,United States,,,,,,,,,,,,,,,0,left_only
62fa3348L028b5744456b813e2b687e70b3c0,us,2024-01-01 03:19:45+00:00,17.1.2,iphonese(3rdgeneration),True,NBGI53408663890799,adGroupName 22,trackerName 23,channel 5,campaign 10,creative 12,ios,2024-01-01,United States,0.0013039549999999999,adUnitFormat 2,adUnitName 8,QEKI53215084108534,us,United States,"[Timestamp('2024-01-01 04:43:41.436288+0000', tz='UTC'), Timestamp('2024-01-01 04:44:40.241375+0000', tz='UTC'), Timestamp('2024-01-01 04:45:09.786756+0000', tz='UTC')]",2024-01-01,KRCI02193612986406,"['UWRL66398662480463', 'CSKK21881059013907', 'NFWI04111654564349']",network 5,packageName 3,ios,source 1,3,both
4c993348L952c25104ce9b8011d6eef335364,us,2024-01-01 08:02:29+00:00,17.1.2,iphone12,True,YXGX82997455059970,adGroupName 78,trackerName 82,channel 3,campaign 26,creative 6,ios,2024-01-01,United States,,,,,,,,,,,,,,,0,left_only
f5773348L7cd788794c25a4797f96e8acd38e,us,2024-01-01 17:06:05+00:00,17.1.2,iphone15,True,WKMA40630588865950,adGroupName 80,trackerName 84,channel 3,campaign 26,creative 6,ios,2024-01-01,United States,,,,,,,,,,,,,,,0,left_only
8c6d3348L712fea8344339d7558f9ee3bff9a,us,2024-01-01 11:00:51+00:00,17.2,iphone14promax,True,KIDC87584521026972,adGroupName 57,trackerName 60,channel 10,campaign 23,creative 39,ios,2024-01-01,United States,,,,,,,,,,,,,,,0,left_only
c6ce3348L70d8d85f475abcabbcfeb449d340,us,2024-01-01 02:14:39+00:00,17.2,ipad,True,FHNF44275145085090,adGroupName 44,trackerName 46,channel 9,campaign 18,creative 27,ios,2024-01-01,United States,,,,,,,,,,,,,,,0,left_only
affd3348L5492477a48ecad7101d29d21ee0c,us,2024-01-01 21:01:26+00:00,17.2,iphone13,True,ODSU30934265667900,adGroupName 43,trackerName 45,channel 9,campaign 18,creative 26,ios,2024-01-01,United States,0.116133775,"['adUnitFormat 2', 'adUnitFormat 3']","['adUnitName 8', 'adUnitName 7']",MVNH76971032880472,us,United States,"[Timestamp('2024-01-01 21:17:46.515719+0000', tz='UTC'), Timestamp('2024-01-01 21:17:57.807344+0000', tz='UTC'), Timestamp('2024-01-01 21:18:25.103243+0000', tz='UTC'), Timestamp('2024-01-01 21:18:50.028141+0000', tz='UTC'), Timestamp('2024-01-01 21:19:07.344580+0000', tz='UTC'), Timestamp('2024-01-01 21:19:21.120640+0000', tz='UTC'), Timestamp('2024-01-01 21:19:35.507329+0000', tz='UTC'), Timestamp('2024-01-01 21:19:53.022613+0000', tz='UTC'), Timestamp('2024-01-01 21:20:08.064622+0000', tz='UTC')]",2024-01-01,OBHY96314001181339,"['EAWX71846815244405', 'WTTA78508255448618', 'ANKA51830628766087', 'GDPQ33574808496506', 'GDXN73300960858665', 'ASVO67835307375585', 'AXPJ69903899941821', 'XJMQ04805150353147', 'BMFD84747302080587']","['network 5', 'network 9', 'network 14', 'network 12', 'network 1']",packageName 3,ios,source 1,9,both
93ca3348Lb927193f419a974c1e0b551294f3,us,2024-01-01 19:34:39+00:00,17.3,iphone13,True,XVND98780605311589,adGroupName 67,trackerName 71,channel 10,campaign 23,creative 39,ios,2024-01-01,United States,,,,,,,,,,,,,,,0,left_only
43623348La15dd74d4a689e17e0ef205feaaa,us,2024-01-01 13:30:38+00:00,17.3,iphone11pro,True,CORN41703339382907,adGroupName 69,trackerName 73,channel 6,campaign 24,creative 13,ios,2024-01-01,United States,1.05043331,"['adUnitFormat 2', 'adUnitFormat 3']","['adUnitName 8', 'adUnitName 7']",ZVLL53494441537956,us,United States,"[Timestamp('2024-01-01 13:34:50.165791+0000', tz='UTC'), Timestamp('2024-01-01 13:34:59.130371+0000', tz='UTC'), Timestamp('2024-01-01 13:35:29.170656+0000', tz='UTC'), Timestamp('2024-01-01 13:35:39.513855+0000', tz='UTC'), Timestamp('2024-01-01 13:35:48.941717+0000', tz='UTC'), Timestamp('2024-01-01 13:38:34.482499+0000', tz='UTC'), Timestamp('2024-01-01 13:39:08.506902+0000', tz='UTC'), Timestamp('2024-01-01 13:39:18.516568+0000', tz='UTC'), Timestamp('2024-01-01 13:39:27.539546+0000', tz='UTC'), Timestamp('2024-01-01 13:39:31.798102+0000', tz='UTC'), Timestamp('2024-01-01 13:40:14.855926+0000', tz='UTC'), Timestamp('2024-01-01 13:40:35.759552+0000', tz='UTC'), Timestamp('2024-01-01 13:40:45.029548+0000', tz='UTC'), Timestamp('2024-01-01 13:40:56.479145+0000', tz='UTC'), Timestamp('2024-01-01 13:41:05.610007+0000', tz='UTC'), Timestamp('2024-01-01 13:41:15.536433+0000', tz='UTC'), Timestamp('2024-01-01 13:41:25.878725+0000', tz='UTC'), Timestamp('2024-01-01 13:41:35.366641+0000', tz='UTC'), Timestamp('2024-01-01 13:41:45.610441+0000', tz='UTC'), Timestamp('2024-01-01 13:41:55.379067+0000', tz='UTC'), Timestamp('2024-01-01 13:42:05.885867+0000', tz='UTC'), Timestamp('2024-01-01 13:42:15.794642+0000', tz='UTC'), Timestamp('2024-01-01 13:42:32.196193+0000', tz='UTC'), Timestamp('2024-01-01 13:42:53.259820+0000', tz='UTC'), Timestamp('2024-01-01 13:43:03.528897+0000', tz='UTC'), Timestamp('2024-01-01 13:43:15.799094+0000', tz='UTC'), Timestamp('2024-01-01 13:43:26.458347+0000', tz='UTC'), Timestamp('2024-01-01 13:44:26.287129+0000', tz='UTC'), Timestamp('2024-01-01 13:44:36.469888+0000', tz='UTC'), Timestamp('2024-01-01 13:44:46.884220+0000', tz='UTC'), Timestamp('2024-01-01 13:44:58.025860+0000', tz='UTC'), Timestamp('2024-01-01 13:45:08.217601+0000', tz='UTC'), Timestamp('2024-01-01 13:45:09.698338+0000', tz='UTC'), Timestamp('2024-01-01 13:54:06.473278+0000', tz='UTC'), Timestamp('2024-01-01 13:54:18.281508+0000', tz='UTC'), Timestamp('2024-01-01 13:54:30.463127+0000', tz='UTC'), Timestamp('2024-01-01 13:54:39.605335+0000', tz='UTC'), Timestamp('2024-01-01 13:54:50.778766+0000', tz='UTC'), Timestamp('2024-01-01 13:54:56.424369+0000', tz='UTC'), Timestamp('2024-01-01 13:56:44.877411+0000', tz='UTC'), Timestamp('2024-01-01 13:56:55.224790+0000', tz='UTC'), Timestamp('2024-01-01 13:56:59.163414+0000', tz='UTC')]",2024-01-01,TMKS15326947242941,"['GCGG01881870772619', 'NVMI21145342935815', 'BZIV12324519720088', 'ISFM19856766769197', 'LFOY46330106666358', 'PANF66050516614459', 'NCIR90660411440803', 'QSEE43528922579960', 'GPII11785714338522', 'POIK65671368954695', 'IHXN96122970131087', 'EEBW57619874095385', 'OJOS53745591251421', 'OVIS60490884081832', 'UNVU29729562966511', 'NSJE77651879164268', 'SMTU35786419482058', 'KNXR65006857668627', 'HHTP05344210894474', 'OAMW55453721537366', 'QDHT29444385754573', 'DWRO46172512861839', 'SWXP91733310588543', 'YHZC50680272912860', 'YHEA55102549734799', 'HOPX63746176389845', 'DLTX05683378045448', 'XCDJ27915740254966', 'NIPC63531753935142', 'JMKL24438787018821', 'MUID08697959337204', 'JAWM56502296322322', 'JWML97616377630592', 'OUEY22520536303757', 'APBP95643700744164', 'ZEGG67554986740016', 'YFFY25085031964022', 'PRRN84380666028147', 'EMJB12478080527065', 'ZTXF71977380328851', 'RCXQ05607763829231', 'BLTC47141005658782']","['network 4', 'network 6', 'network 14', 'network 12', 'network 1', 'network 9', 'network 3', 'network 11', 'network 5', 'network 15', 'network 8', 'network 13', 'network 16']",packageName 3,ios,source 1,42,both
6dfc3348Lfb7c62ba4787ba33b4f974f06d11,us,2024-01-01 13:04:42+00:00,17.3,iphone11,True,HCUY86380913361191,adGroupName 31,trackerName 32,channel 7,campaign 12,creative 17,ios,2024-01-01,United States,,,,,,,,,,,,,,,0,left_only
b5da3348L3c468eac472fa64d0df5b8aa51ed,us,2024-01-01 17:23:58+00:00,17.3,ipadpro,True,ENEI15490798525121,adGroupName 26,trackerName 27,channel 6,campaign 11,creative 13,ios,2024-01-01,United States,,,,,,,,,,,,,,,0,left_only
fa9c3348Le4b1895b4c60bcd226be581387e2,us,2024-01-01 02:40:06+00:00,17.3,iphone14promax,True,KRHX88778575476792,adGroupName 57,trackerName 62,channel 10,campaign 23,creative 40,ios,2024-01-01,United States,,,,,,,,,,,,,,,0,left_only
